data,categoria,symbol,isin,close,high,low,volume,vol_10d,rsi,ema20,ema50,ema200,macd_hist,perf_1m,perf_3m
2026-09-16,posizione,2e604708586f0374,,118.05,121.94,116.25,2693,3908.8,70.4,103.2412455730515,92.40123427530565,75.87580749440887,2.149372774431434,30.0,74.8
2026-09-16,posizione,13f4d68ae6407c55,,377.58,381.96,367.2958,2953967,6712342.599999982,58.7,354.9408104004723,342.4345416464735,267.59978833274295,2.3453707360257856,-1.2,32.2
2026-09-16,posizione,31b004b035f1121a,,3.44,3.44,3.35,3893,3027.4,58.8,3.3828507516541575,3.3532288665679366,3.564929436664156,0.0009698594433637416,1.2,4.6
2026-09-16,posizione,41ffd3de986435c8,,22.66,22.735,22.605,500,590.3,46.7,22.894475888109,22.748211175082268,22.739731631149876,-0.15348344582598916,-2.1,0.4
2026-09-16,posizione,1d0d15986a100135,,89.48,89.63,88.98,295714,178900.7,46.4,90.58962667793617,91.59233174884758,79.13295975453234,0.0146348042816149,0.6,-14.4
2026-09-16,posizione,e81e30b162302568,,63.04,63.19,62.92,44205,20055.1,33.2,64.33868891400084,64.42638816179459,61.83847340961298,-0.2531976232126915,-3.0,-0.8
2026-09-16,posizione,e1d4e3ce02552ce8,,410.95,411.7,403.15,613823,627120.2,34.5,431.2079962174852,451.38953868081984,493.4257066161445,-1.7838405248039884,-9.3,-18.9
2026-09-16,segnale,8a0627679ffbb377,,0.47,0.468,0.439,11642368,8989093.6,67.2,0.42368504075494334,0.39195848332787275,0.2743937668391729,0.004665678292226295,17.3,39.9
2026-09-16,segnale,e964666e07ddf06d,,7.06,7.24,6.92,490859,319072.2,77.8,6.244577128112411,6.052588451358287,5.976661078638728,0.09419364881948857,17.1,27.7
2026-09-16,segnale,f83840b7a082f14e,,8.4,8.56,8,86251,53759.9,71.2,7.666809174842952,7.063580360776935,6.091296052347435,0.020045489695359187,5.0,49.5
2026-09-16,segnale,99de9933dada6592,,18.32,18.4,17.98,107162,109064.8,69.2,17.345311423911994,16.21888565006291,12.231331331215712,0.045375198748770884,4.7,53.4
2026-09-16,segnale,14046dba2dec88be,,585.9,593.9,578.8,6937,8350.1,71.7,537.002056330061,524.7756769933078,536.4252643133161,8.5527051465722,19.1,17.3
2026-09-16,segnale,fa6edd51f7e5b84f,,10.9,11.03,10.6003,2012693,1969320.3999999992,76.6,9.180785910831721,7.163006951912952,6.048669922400911,0.09739086691987953,8.1,142.2
2026-09-16,segnale,5076bf588be78c83,,10.43,10.44,10.42,5641154,18620625.8,78.8,8.279302240635396,7.666748324629575,7.655186041989688,0.4140792885539267,48.3,70.6
2026-09-16,segnale,c7d6aafd4005bba0,,9.08,9.38,8.97,58313,164195.5,68.3,7.794921180151339,7.166913921761899,7.449790834434797,0.30592075622031273,67.8,44.4
2026-09-16,segnale,0db8860a6cabdb96,,1.26,1.34,1.25,12871121,104687278.6,57.5,1.1515313826008244,0.9664167930280366,1.034477352901364,0.00900255825897206,44.4,52.2
2026-09-16,segnale,d605c263a0acf0c9,,32.09,32.34,31.95,11134709,5314506.8,59.5,30.574774359058132,28.94942821679942,26.477883791389427,0.04352269835850886,4.0,86.1
2026-09-16,segnale,376b3859e32b5f4c,,3.21,3.69,2.9,1187369,2437094.7,72.8,2.0591081958656785,1.9292326229622296,3.39060710533707,0.27680807897554327,180.3,-28.7
2026-09-16,segnale,e90e9e3c725dadd5,,9.23,9.23,8.5751,176055,123594.3,74.3,7.66332068095713,6.931534646528221,7.247489082434717,0.18347187261687126,42.0,86.1
2026-09-16,segnale,245947542f420976,,8.91,9.25,8.73,920894,7343374.2,66.4,7.698018429231206,6.874302839996745,7.552996075528039,0.18873000230523618,62,14.2
2026-09-16,segnale,85c1a096f4779d3b,,145.73,147.5,140.2,3404158,1996119.6,74.4,127.8304184348169,120.29476062962333,106.63156146301685,1.0578628360263687,13.3,48.7
2026-09-16,segnale,ceaad9b0d787220f,,69.28,70.655,66.6,239635,192501.9,77.2,55.72393965578791,43.71914600211853,27.027516919057824,0.8332013846071957,40.5,187.0
2026-09-16,segnale,04af434cead23412,,72.68,77.87,71.44,4078619,2601089.5,70.3,64.85721457426804,56.11599870231136,35.742949721693186,0.4254633991466701,16.4,120.3
2026-09-16,segnale,ae38035af8ff21a6,,58.01,59.08,56.27,1950744,1315771.2,75.1,52.68167535659065,47.403512002779586,35.345558349953144,0.40072772414037505,16.6,72.9
2026-09-16,segnale,019582e0eb567b47,,3.25,3.36,3.06,2661482,1951401.2,79.5,2.619182644188096,2.2466168038059093,3.6640079671968913,0.07841017145710488,50.5,115.2
2026-09-16,segnale,bdd7548fc447eddb,,9.87,9.925,9.435,19636316,13131660.3,73.1,8.359628163090164,7.0164594390849935,4.8122608633809705,0.01222483940620267,20.8,148.6
2026-09-16,segnale,4dfe5daedaa0bac4,,4.76,4.905,4.66,1828349,9251615.4,63.4,3.9272118350046004,3.328344398376643,4.277130507913365,0.1573323922164146,54.0,114.4
2026-09-16,posizione,0f4a32cd6d3648d9,b8a1aaa86934f58d,31.8,32.02,30.64,50902,54062.5,50.2,32.27086711059711,30.418070989456755,29.339079641255736,-0.35634248982039374,-1.1,27.2
2026-09-16,posizione,8c461d783647b32d,517b60bdc93162a1,6.74,6.765,6.702,32216417,34103519.50000043,52.1,6.727398558177258,6.5958841855333175,6.021148791861563,-0.013934449363735946,-0.8,10.0
2026-09-16,posizione,65f54c71cfebe8ea,280b01e45f5ec318,4.34,4.448,4.3115,58756337,32638415.50000001,38.6,4.6054932058811655,4.83668808710047,6.275542480729794,-0.009427250643991372,-8.8,-24.3
2026-09-16,posizione,db0950bc62e53955,2501a7840e4495ca,89.56,89.642,89.06,15559,7723.4,46.8,90.51791969836445,91.5276572579889,79.09520422948891,0.026059149581424856,0.6,-14.2
2026-09-16,posizione,35417c9544e565fd,1a0dfb4028ab962b,410.9,411.55,403.85,1099,2280.8,33.3,431.546591557759,451.6468189073349,493.5821990186196,-1.7427198330313693,-9.4,-18.7
2026-09-16,segnale,66695d013b30eed4,,15.44,15.92,15.2716,67885,633653.3,71.2,13.362237253567464,12.554338229181045,10.834930082536538,0.4872767279585547,46.1,56.3
2026-09-16,segnale,93cccd397e795e99,,27.41,28.11,26.85,7720623,9887853.900000002,73.1,23.873369633945437,19.339344589327798,21.300936949021544,0.08112368271345938,13.2,76.3
2026-09-16,segnale,9631ae5ad5a558c9,,1.35,1.38,1.31,1852295,1130493.5,74.3,1.1222935502786213,1.1091986731649066,1.5937929273238076,0.03892201046619798,35.9,12.5
2026-09-17,posizione,0f4a32cd6d3648d9,b8a1aaa86934f58d,32.58,32.58,32.32,5469,50876.9,52.9,32.30030833815929,30.50285251928198,29.371327605024337,-0.3473161837130063,1.4,21.3
2026-09-17,posizione,8c461d783647b32d,517b60bdc93162a1,6.79,6.8,6.777,3880126,31478268.200000428,55.4,6.733265362160377,6.603457354728089,6.028789102390304,-0.00810007302865725,0,10.7
2026-09-17,posizione,65f54c71cfebe8ea,280b01e45f5ec318,4.45,4.4725,4.353,6760482,30145863.300000004,43.4,4.591065281511531,4.821680711135746,6.257417679926513,-0.010003746631193133,-6.3,-19.4
2026-09-17,posizione,31b004b035f1121a,ac2d640558de1b98,3.44,3.44,3.35,3893,3027.4,58.8,3.3828507516541575,3.3532288665679366,3.564929436664156,0.0009698594433637416,1.2,4.6
2026-09-17,posizione,41ffd3de986435c8,226430dc50e81aaa,22.48,22.48,22.48,0,530.9,44.1,22.85500199400338,22.737693089784923,22.737147236810078,-0.14248951476466667,-2.9,3.2
2026-09-17,posizione,db0950bc62e53955,2501a7840e4495ca,90.14,90.144,89.943,63,7499.4,48.2,90.48230829852022,91.47339618904816,79.20514249586216,0.05961947196089756,1.3,-16.2
2026-09-17,posizione,35417c9544e565fd,1a0dfb4028ab962b,410.85,412.2,410.8,45,1691.7,33.3,429.5754875998772,450.04694365606684,492.7589930582353,-1.2765392262561104,-9.4,-19.8
2026-09-17,segnale,99de9933dada6592,,18.56,18.64,18,25590,101726.4,71.5,17.46099605020609,16.310694055942793,12.294303158765803,0.07454169020908996,6.1,57.0
2026-09-17,segnale,f83840b7a082f14e,,8.6,8.94,8.32,6905,52563.5,73.7,7.755684491524576,7.1238321113347025,6.116258280682286,0.043847134424887246,7.5,53.0
2026-09-17,segnale,8a0627679ffbb377,,0.48,0.485,0.4675,2020891,8463396.4,70.3,0.42942932258780586,0.39556795456991695,0.27647940099997714,0.0056214974285482625,21.3,30.8
2026-09-17,segnale,e964666e07ddf06d,,7.03,7.09,7.01,23700,314848.7,76.4,6.319379306387419,6.090918316010903,5.9871420629308805,0.10425054583102877,16.6,30.4
2026-09-17,segnale,5dd63a610c6293bc,,4.17,4.2,4.16,2777,710602.9,61.4,3.8863803319082715,3.6160505515246664,3.118614074298057,0.03794268948847496,9.6,36.3
2026-09-17,segnale,ceaad9b0d787220f,,69.28,70.655,66.6,241256,192664,77.2,55.72393965578791,43.71914600211853,27.027516919057824,0.8332013846071957,40.5,187.0
2026-09-17,segnale,019582e0eb567b47,,3.25,3.36,3.06,2661702,1951423.2,79.5,2.619182644188096,2.2466168038059093,3.6640079671968913,0.07841017145710488,50.5,115.2
2026-09-17,segnale,4dfe5daedaa0bac4,,4.76,4.905,4.66,1835192,9252299.7,63.4,3.9272118350046004,3.328344398376643,4.277130507913365,0.1573323922164146,54.0,114.4
2026-09-17,segnale,fa6edd51f7e5b84f,,11.02,11.31,10.6003,3515488,2119599.8999999994,78.2,9.192214482260292,7.167712834265894,6.049863952251657,0.10504898657799977,9.3,144.9
2026-09-17,segnale,04af434cead23412,,72.68,77.87,71.44,4082634,2601491,70.3,64.85721457426804,56.11599870231136,35.742949721693186,0.4254633991466701,16.4,120.3
2026-09-17,segnale,d55f9d5f123a14c3,,17.45,17.5,16.55,35233,12557,67.0,15.89227764281033,15.334546144193043,12.967683658879697,0.2168217614668545,17.9,32.2
2026-09-17,segnale,e90e9e3c725dadd5,,9.23,9.23,8.5751,176055,123594.3,74.3,7.66332068095713,6.931534646528221,7.247489082434717,0.18347187261687126,42.0,86.1
2026-09-17,segnale,1215fba95fea2203,,23.93,24.39,23.02,2804462,1428801.6,72.7,20.156135696516554,18.432783373131777,16.573136263279164,0.23196569651339205,22.7,51.6
2026-09-17,segnale,c9f68c5883d8d1d6,,6.01,6.28,5.93,297203,373762.5,68.1,5.387509176493402,4.871752747742105,4.3094412367131225,0.05922092169748244,19.2,54.5
2026-09-17,segnale,0539096c95ee431e,,2.47,2.52,2.37,86019,109187.5,65.8,2.2200903682256214,1.973126524365593,1.3436666956483199,0.0062203710244830845,16.1,54.4
2026-09-17,segnale,dd0fcd7e9dc88f74,,13.33,13.74,13.1,89502,107652.49999999991,58.0,12.739657834853837,11.796365222120171,8.900339012219657,0.06781238929518263,11.4,56.3
2026-09-18,posizione,0f4a32cd6d3648d9,b8a1aaa86934f58d,35.04,35.9,34.84,20447,50700.5,59.7,32.785267634751825,30.778742193650775,29.453345532867218,-0.0821808657940164,9.0,30.5
2026-09-18,posizione,8c461d783647b32d,517b60bdc93162a1,6.69,6.814,6.668,35184222,36110374.20000043,48.3,6.731299046489774,6.607793129360052,6.035614596334491,-0.009664101019355546,-1.5,9.0
2026-09-18,posizione,65f54c71cfebe8ea,280b01e45f5ec318,4.26,4.4445,4.2645,25987317,32746108.500000007,37.9,4.55841734086871,4.799153055412622,6.237410380420796,-0.021940143705118625,-10.3,-22.8
2026-09-18,posizione,31b004b035f1121a,ac2d640558de1b98,3.45,3.45,3.37,6802,4176.7,59.5,3.393308665186283,3.359916381633839,3.562456637740087,0.0015394024662780774,1.5,2.4
2026-09-18,posizione,41ffd3de986435c8,226430dc50e81aaa,22.8,22.92,22.8,607,599.6,49.1,22.870874819971313,22.749367563003663,22.74018619155878,-0.09946198452225423,-1.5,4.7
2026-09-18,posizione,db0950bc62e53955,2501a7840e4495ca,92.22,93.25,92.163,8766,8134.1,52.9,90.79065988913734,91.56514305130003,79.35097682463281,0.2767737601860655,3.6,-14.2
2026-09-18,posizione,35417c9544e565fd,1a0dfb4028ab962b,404.05,408.85,403.3,590,1644.4,31.1,427.2608153114535,448.2940069959673,491.88961568615514,-1.1825527912655325,-10.9,-21.1
2026-09-18,segnale,8a0627679ffbb377,,0.51,0.525,0.502,8363939,10072642.6,74.3,0.4386537408447495,0.40073368645529506,0.278980311393235,0.00809333131804348,27.8,37.8
2026-09-18,segnale,99de9933dada6592,,18.72,19.02,18.62,79316,116207.6,71.1,17.605028172408684,16.415726430527123,12.36099878833379,0.10581239570362055,7.0,58.4
2026-09-18,segnale,f83840b7a082f14e,,8.62,8.8,8.44,28433,63682.1,72.6,7.844893678272802,7.185519587168558,6.141959232915293,0.05774317666042378,7.7,53.4
2026-09-18,segnale,e964666e07ddf06d,,7.1,7.15,6.8,180959,347760,75.9,6.389415744327846,6.128606255944347,5.997722714169756,0.10646995391064082,17.7,31.7
2026-09-18,segnale,14046dba2dec88be,,602.5,605.1,594.7,2417,7603.8,75.2,547.6860370411611,530.228450773138,537.5967102812215,8.30300708105285,22.5,20.6
2026-09-18,segnale,e0c7aa59c1847eaf,,2.02,2.1,1.95,49962,185373.4,76.8,1.48082855146458,1.2740661699856997,1.0682508494669303,0.07028664443235924,47.4,428.8
2026-09-18,segnale,04af434cead23412,,76.97,79.94,75,3142992,2755291.4,74.7,66.01081318624252,56.93380267476974,36.153169127447484,0.6652167500478061,23.3,133.3
2026-09-18,segnale,c7d6aafd4005bba0,,9.19,9.39,8.855,317787,224843.9,69.3,7.946742745760508,7.254539750281809,7.469273621607323,0.2622935636925632,69.9,46.1
2026-09-18,segnale,8644bfdace5904e3,,12.92,13.48,11.01,643404,337802.2,70.9,10.580590064356972,9.401137160095937,7.955850575582503,0.10356897386682629,29.7,98.2
2026-09-18,segnale,5076bf588be78c83,,10.48,10.5,10.45,23704155,21441432,79.0,8.488461664429757,7.776883530661017,7.6832443873553995,0.4038491733376078,49.1,71.5
2026-09-21,posizione,0f4a32cd6d3648d9,b8a1aaa86934f58d,35.78,36.1,34.76,100269,63978.1,60.2,32.95329203234916,30.923628120697153,29.502899630433795,-0.028951448460590834,11.3,21.6
2026-09-21,posizione,8c461d783647b32d,517b60bdc93162a1,6.77,6.799,6.72,19784761,42850579.20000043,53.1,6.73299392188077,6.613286055467424,6.042695236226413,-0.007121287540382694,-0.3,9.4
2026-09-21,posizione,65f54c71cfebe8ea,280b01e45f5ec318,4.24,4.276,4.2165,22982321,39324370.2,37.8,4.522363988677132,4.7747318283260825,6.21688502280764,-0.030969250925083888,-10.9,-22.7
2026-09-21,posizione,31b004b035f1121a,ac2d640558de1b98,3.43,3.43,3.43,2809,4507.2,56.6,3.392494688003009,3.360780868013442,3.5606460991798654,-0.00141039349772527,0.9,2.1
2026-09-21,posizione,41ffd3de986435c8,226430dc50e81aaa,22.6,22.7,22.6,100,440.1,45.7,22.837752955030737,22.740307397134238,22.737953948569583,-0.09345393908353156,-2.3,4.7
2026-09-21,posizione,db0950bc62e53955,2501a7840e4495ca,96.83,96.831,95.405,3724,8039,61.6,91.42959023983174,91.79948807581651,79.53218727280235,0.658648715253814,8.8,-8.1
2026-09-21,posizione,35417c9544e565fd,1a0dfb4028ab962b,407.55,409.1,401,1112,1742.4,34.8,425.2155675947164,446.6227310584092,491.0312056095275,-0.8414351082588141,-10.1,-15.1
2026-09-21,segnale,eca162e4dbc62558,,146.5,147.58,136.38,73552,33054.2,74.0,115.36035621474187,106.34095080874015,132.87429242370342,1.399735472918345,31.1,57.5
2026-09-21,segnale,1a6906f6a87edac7,,533.8,534.3,496,30009,10580,73.9,443.83023318869357,430.3012588308982,339.3808288940315,10.959215456382832,32.9,16.9
2026-09-21,segnale,8a0627679ffbb377,,0.52,0.53,0.501,16633819,10829867.5,75.7,0.4458749265239344,0.40518319202298436,0.28131931079473294,0.008720135052053143,30.1,30.4
2026-09-21,segnale,ab25614c70c05a9b,,6.8,7,6.52,32640,355984,74.9,5.966184954519653,5.471791857343234,4.898257869919469,0.163200184097559,32.8,36.8
2026-09-21,segnale,14046dba2dec88be,,619.5,624,590.7,8994,8141,77.4,553.103693377377,533.1076118731534,538.2491229063285,8.295182580045038,25.9,26.4
2026-09-21,segnale,ceaad9b0d787220f,,70.39,71.78,69.04,69298,194320.3,73.3,59.50260482658992,46.72751084577759,28.30742786131349,0.43878847283259237,42.8,231.2
2026-09-21,segnale,04af434cead23412,,78.88,80.11,76.73,580291,2737783.7,75.8,68.14889696198084,58.535417232649806,36.97676321417905,0.8161224733263941,26.3,147.1
2026-09-21,segnale,2b87d00399ef940a,,9.57,9.98,9.45,105123,217543.10000000015,74.8,7.837010110305604,6.774018257531843,30.833640716936426,0.06532233968628098,27.8,138.7
2026-09-21,segnale,93cccd397e795e99,,29.88,31.95,29.19,9266057,9832415.9,77.2,25.324649856304045,20.48141884787771,21.540952271823503,0.02129238386284049,23.4,110.4
2026-09-21,segnale,220eb5740e3f5048,,165.88,170.23,161.7065,715206,1869868.6,71.9,139.7339661741241,123.22514593692604,81.50188935664247,2.5484980551448775,19.3,101.6
2026-09-22,posizione,0f4a32cd6d3648d9,b8a1aaa86934f58d,35.74,35.98,35.24,11576,59286.1,60.1,33.21179936713677,31.109491223999303,29.564172231324015,0.0442850780245847,11.2,19.9
2026-09-22,posizione,8c461d783647b32d,517b60bdc93162a1,6.79,6.815,6.718,13991896,42292122.600000426,54.4,6.739656632268543,6.6207481171138385,6.050269318923301,-0.002543449595239205,0.1,10.8
2026-09-22,posizione,65f54c71cfebe8ea,280b01e45f5ec318,4.31,4.318,4.1635,24147180,39434956.2,41.0,4.501363336694276,4.7561679503986465,6.197822381309441,-0.027349539107443796,-9.4,-18.0
2026-09-22,posizione,31b004b035f1121a,ac2d640558de1b98,3.44,3.44,3.39,2498,4594,57.9,3.3944339694176886,3.36275716615363,3.5591501032423807,-0.0019086308782072514,1.2,4.6
2026-09-22,posizione,41ffd3de986435c8,226430dc50e81aaa,22.48,22.555,22.425,2539,693.6,43.5,22.810529317590166,22.733105799861,22.736174846880886,-0.08654586451443183,-2.9,4.9
2026-09-22,posizione,db0950bc62e53955,2501a7840e4495ca,97.2,97.991,96.767,11441,8259.4,61.9,92.03240477481376,92.03455774758382,79.71407447154331,0.8838459456645534,9.2,-6.6
2026-09-22,posizione,35417c9544e565fd,1a0dfb4028ab962b,406.55,408.95,401.6,1189,1772,34.1,423.2310917693693,444.9608246501209,490.1669536193532,-0.5327103806154891,-10.3,-16.3
2026-09-22,segnale,6d70b448766f1666,,148.08,152.08,146.92,10058,28085.4,74.3,124.09322715190414,100.10111360278076,62.211117363458136,0.2051644699782873,20.9,175.7
2026-09-22,segnale,eca162e4dbc62558,,146.48,146.66,141.84,19185,34112.6,74.0,118.20005018068481,107.86077511381838,132.99548681111145,2.2489057044198253,31.0,57.9
2026-09-22,segnale,ab25614c70c05a9b,,6.94,6.96,6.8,7055,354612.1,76.5,6.0589292445654,5.529368647251343,4.918573712009823,0.1426980887602417,35.5,39.4
2026-09-22,segnale,14046dba2dec88be,,639.4,652.7,638.8,7319,8666.3,80.2,561.5895094276042,537.3927420496002,539.2861381433686,9.753200957421587,29.9,28.9
2026-09-22,segnale,8a0627679ffbb377,,0.52,0.535,0.517,5409574,10733792.7,75.3,0.4533743666282309,0.4098757388948243,0.283743598239611,0.008940351893383817,30.6,27.7
2026-09-22,segnale,376b3859e32b5f4c,,3.09,3.55,2.9,719539,2647324.2,61.7,2.4316124733228257,2.108248176484786,3.3944470247598924,0.2003871805535845,169.9,-14.2
2026-09-22,segnale,b55341fe4c260d00,,13.5,13.9256,11.1401,7061374,4717444.6,81.2,8.415058092416295,8.156341265447795,9.789491600849644,0.5675750477322496,109.0,27.2
2026-09-22,segnale,9e4f980b5d9d3f0d,,58.32,59.105,56.97,1039735,2065422.1,78.1,53.10998397119205,46.44927518301226,37.27452880397966,0.1960685909174571,20.6,105.0
2026-09-22,segnale,c7d6aafd4005bba0,,8.82,9.5,8.2627,414804,345090.3,61.0,8.16375086444341,7.400534386938341,7.5027188606537365,0.14483357156489396,63.0,37.8
2026-09-22,segnale,3d86f0cfde3eec2a,,30.65,30.71,29.97,6146710,5750230.1,72.2,26.41111250852833,23.334553537623414,22.57163681421114,0.3657637759851493,20.2,74.2
2026-09-23,posizione,0f4a32cd6d3648d9,b8a1aaa86934f58d,36.98,37.26,36.06,48297,60052.1,62.9,33.55171870178587,31.331418134861302,29.635794289268315,0.15150898883404684,15.1,25.1
2026-09-23,posizione,8c461d783647b32d,517b60bdc93162a1,6.74,6.806,6.688,15566613,41070994.100000426,51.1,6.734242621939113,6.623047883378502,6.056511484557638,-0.005916096456719609,-0.8,10.5
2026-09-23,posizione,65f54c71cfebe8ea,280b01e45f5ec318,4.2,4.25,4.125,21654897,40514249,36.8,4.4648434724286075,4.730932605938569,6.17704733620446,-0.032727690538785686,-11.6,-19.1
2026-09-23,posizione,31b004b035f1121a,ac2d640558de1b98,3.42,3.42,3.38,1250,4291.2,55.7,3.392560439450471,3.363118092355987,3.55727296303537,-0.004280145962049391,0.6,5.6
2026-09-23,posizione,41ffd3de986435c8,226430dc50e81aaa,22.5,22.58,22.505,3,668.9,43.9,22.791340584395638,22.728493423242075,22.73500749239842,-0.07506385288794913,-2.7,8.0
2026-09-23,posizione,db0950bc62e53955,2501a7840e4495ca,99.98,100.3,99.167,3275,8366,66.3,92.96239343571584,92.42183229958168,79.93551621958024,1.2062622587739438,12.3,-7.6
2026-09-23,posizione,35417c9544e565fd,1a0dfb4028ab962b,399.3,408.5,398.95,1702,1539.6,30.5,420.66327804076724,443.0439833912542,489.229803168746,-0.6744534472213743,-11.9,-18.7
2026-09-23,segnale,6d70b448766f1666,,160,161.1,157.44,9245,30983.4,78.2,128.54003998550965,102.899209109323,63.30156786765085,1.5735660933537723,30.7,201.4
2026-09-23,segnale,eca162e4dbc62558,,146.88,149.86,144.44,13965,34703.1,73.7,121.02798190950848,109.43313994980089,133.1446745614625,2.7212058101763494,31.4,71.7
2026-09-23,segnale,ab25614c70c05a9b,,7.36,7.4,6.94,45551,355766.7,80.5,6.189734169119262,5.604172337362978,4.94365461019977,0.14879866054133262,43.8,48.1
2026-09-23,segnale,14046dba2dec88be,,652.2,652.2,643.4,3350,7776.2,80.0,571.7011661261089,542.5430458984818,540.5791005073289,11.308544050925196,32.6,32.9
2026-09-23,segnale,1a6906f6a87edac7,,543.4,546.5,540.3,5970,11643.5,75.1,461.73562226579054,438.9274113659325,343.40207354252976,13.858169982722572,35.2,15.1
2026-09-23,segnale,376b3859e32b5f4c,,3.99,4.06,2.95,1270091,1928021.8,69.5,2.5800303330063663,2.1820423656422454,3.4003729250110375,0.20367615091236918,248.5,3.3
2026-09-23,segnale,9ecd5646f95b2207,,15.29,15.435,14.53,122649,233080,76.5,12.639483489057508,10.68619914776801,6.727888243909978,0.31456987950638227,59.3,162.7
2026-09-23,segnale,ae1b3f652dcf6765,,182.56,187.2,168.3,24033888,14460852.7,72.2,144.67982919789452,115.64357358188258,71.3603294676403,0.7459829522907491,30.1,198.4
2026-09-23,segnale,2b87d00399ef940a,,9.87,10.27,9.79,346675,274209.2000000001,74.4,8.07198873925609,6.913514658043858,30.629775872793743,0.12072789694366193,31.8,153.7
2026-09-23,segnale,5986e08bea2e0d95,,8.7,8.82,8.16,994136,1049265.7999999998,65.9,7.612806242056577,6.903492319147986,5.102722612176916,0.053103098723885966,14.3,183.4
2026-09-23,segnale,9ee46482c22382cd,,168.16,169.76,160.54,23967,14349.6,68.7,152.6989029538519,143.2270105201995,130.47086816700042,0.8741074824145723,5.2,68.5
2026-09-23,segnale,66695d013b30eed4,,16.51,16.8796,16.37,69157,120324.3,73.0,14.59749585804101,13.26677473136056,11.110042790271049,0.311310457980688,56.2,58.8
2026-09-23,segnale,64b2dc2eae162b64,,18.57,18.96,18.33,5996570,8916653.5,71.7,16.321347893830623,14.771299741674602,14.798004173207085,0.31514662473264266,21.3,96.1
2026-09-23,segnale,4d22d593b306cd84,,9.81,10.27,9.735,9391537,10881564.1,63.2,8.732196923788186,7.770055315973711,8.150435886202258,0.07619575000792056,13.7,106.5
2026-09-23,segnale,1a342d2b7d638d02,,8.93,9.35,8.5165,381698,283964.5,77.9,7.484085310612372,6.7418198906387365,5.186102014994556,0.163804181170015,24.4,70.1
2026-09-23,segnale,0aacebb34befe405,,1.85,2.015,1.84,263442,275550.1,68.4,1.5767239992260036,1.4080428801406057,1.2853239062329815,0.04144244424495466,33.1,46.8
2026-09-24,posizione,0f4a32cd6d3648d9,b8a1aaa86934f58d,35.38,36.2,35.08,59028,65007.4,57.6,33.684480185969534,31.47210069935348,29.688221969170154,0.08896686193184777,10.1,29.9
2026-09-24,posizione,8c461d783647b32d,517b60bdc93162a1,6.72,6.771,6.671,31049314,42965395.90000043,50.3,6.730595932321329,6.625838777609717,6.062847772847725,-0.007481032133975836,-1.0,12.2
2026-09-24,posizione,65f54c71cfebe8ea,280b01e45f5ec318,3.96,4.121,3.9635,50922866,44018522.8,30.8,4.411883323127017,4.698557701745669,6.154425989476552,-0.04718266384153169,-16.7,-21.5
2026-09-24,posizione,31b004b035f1121a,ac2d640558de1b98,3.39,3.39,3.39,1667,4076.8,51.1,3.3923165880742356,3.3641722848126148,3.555608555442978,-0.005697191895883864,-0.3,4.3
2026-09-24,posizione,41ffd3de986435c8,226430dc50e81aaa,22.14,22.31,22.145,180,692.7,38.2,22.715135812185625,22.699206099454805,22.72746206005902,-0.09765641918231265,-4.3,4.9
2026-09-24,posizione,db0950bc62e53955,2501a7840e4495ca,98.33,98.695,97.312,3302,8699.9,62.5,93.41773918560231,92.62910684992488,80.11216210655651,1.1344641236819573,10.5,-6.0
2026-09-24,posizione,35417c9544e565fd,1a0dfb4028ab962b,397.75,401.7,396,1415,1560,30.4,418.27425836341524,441.1773219895211,488.29591339191285,-0.6526423797096008,-12.3,-19.3
2026-09-24,segnale,6d70b448766f1666,,162.82,166.2,154.26,37519,37200.9,79.0,131.96507019097132,105.31912478438991,64.31012433202561,1.991405950939308,33.0,212.8
2026-09-24,segnale,ab25614c70c05a9b,,7.42,7.92,7.42,107973,63926.1,79.0,6.318965835552348,5.680656159580962,4.969674036617425,0.1469188827977625,44.9,49.3
2026-09-24,segnale,eca162e4dbc62558,,141.98,145.12,137.38,46500,39749.9,68.6,122.84073646687956,110.62961043235387,133.2117036158496,2.3672459025844432,27.0,88.1
2026-09-24,segnale,9ee46482c22382cd,,168.96,169.32,165.16,16380,13661.2,69.2,154.24757886300887,144.23614736254464,130.85384460314967,1.2977214256001952,5.7,78.2
2026-09-24,segnale,8a0627679ffbb377,,0.52,0.542,0.515,20077329,11709498.7,70.5,0.4656861109392742,0.418473302903183,0.2884598547584414,0.006875278817757163,29.1,26.8
2026-09-24,segnale,ae1b3f652dcf6765,,194.82,195.7093,180.388,16581969,16239430.1,75.1,152.6803590486166,121.2528412803153,73.67980562976223,2.2952123957417534,38.8,227.6
2026-09-24,segnale,966613cdc333b1c3,,2.88,2.97,2.26,3454550,788956.8,66.8,2.287487332466699,2.047640456586487,1.8460469061660136,0.02497617011846015,67.4,93.3
2026-09-24,segnale,53329781bd592999,,8.35,8.37,7.91,1702863,2671244.7,67.5,6.890502939642449,5.890478951193561,6.1787249735034235,0.14314939465929843,31.7,138.6
2026-09-24,segnale,31b004b035f1121a,,20.13,20.62,20.11,909687,1846305.3,62.8,18.60482755733415,16.534163019292997,12.630609818589507,0.01998787208902686,7.1,165.2
2026-09-24,segnale,66695d013b30eed4,,17.03,17.305,16.39,117349,120962.1,75.4,14.82916291917996,13.414352192875832,11.168947837134024,0.276919679139072,61.1,62.2
2026-09-25,posizione,0f4a32cd6d3648d9,b8a1aaa86934f58d,37.8,38,36.74,68411,65972.4,63.4,34.07643445397243,31.720253613104322,29.768936178432142,0.2076354228118844,17.6,38.8
2026-09-25,posizione,8c461d783647b32d,517b60bdc93162a1,6.79,6.83,6.727,36407370,42856794.30000043,54.3,6.7360629863859645,6.632198041232865,6.070063217894016,-0.0028997729585349477,-0.0,13.3
2026-09-25,posizione,65f54c71cfebe8ea,280b01e45f5ec318,4.03,4.0345,3.9235,41519066,45179481.6,34.2,4.375751578067301,4.67243779187329,6.133312298038974,-0.045908087654619845,-15.2,-20.1
2026-09-25,posizione,31b004b035f1121a,ac2d640558de1b98,3.42,3.42,3.37,3887,3592.3,55.1,3.394953103495737,3.366361606976826,3.554259216582849,-0.004599650052776166,0.6,5.2
2026-09-25,posizione,41ffd3de986435c8,226430dc50e81aaa,22.3,22.3,22.24,1442,833,41.8,22.675599068167948,22.683550958299715,22.723208706227584,-0.08970212590886749,-3.6,5.7
2026-09-25,posizione,db0950bc62e53955,2501a7840e4495ca,100.12,101.29,99.8,7492,9168,65.4,94.05633545364019,92.92298501267292,80.31127492141664,1.1665201107126497,12.5,-4.3
2026-09-25,posizione,35417c9544e565fd,1a0dfb4028ab962b,399.8,402.4,395.4,3046,1707.2,32.4,416.5148051859471,439.55468191150067,487.4153570397545,-0.24826052447400215,-11.8,-18.9
2026-09-25,segnale,6d70b448766f1666,,173.12,174.2,169,25460,34286.7,81.8,135.88458731564072,107.97798263598247,65.3928096620552,2.5985853943922272,41.4,232.6
2026-09-25,segnale,ab25614c70c05a9b,,7.64,7.78,7.5,29512,63496.1,80.8,6.444778613118791,5.757493172930728,4.996244444213271,0.14248011076027622,49.2,53.7
2026-09-25,segnale,eca162e4dbc62558,,138.88,144.68,138.7,18485,39569.8,65.4,124.36828537479579,111.73746884677136,133.26810457489586,1.8307397054898615,24.2,84.0
2026-09-25,segnale,5dd63a610c6293bc,,4.64,4.64,4.365,531143,425685.2,70.2,4.154305161802503,3.7995981729955584,3.197583099645096,0.0343929434325243,22.1,52.1
2026-09-25,segnale,14046dba2dec88be,,657.5,686.2,656.1,3768,8113.4,75.8,589.5404103662705,552.3993465056049,543.1632033143037,11.033854833722085,33.6,37.2
2026-09-25,segnale,376b3859e32b5f4c,,3.85,3.995,3.46,570879,1033368.4,65.3,2.916107121702912,2.3734336135833467,3.414358951076288,0.13077125942415124,236.2,3.5
2026-09-25,segnale,04af434cead23412,,85.71,86.16,80.72,3392962,3368641.8,73.9,72.67852374381252,61.9613978027018,38.72719020031736,0.9519522223935244,37.2,141.4
2026-09-25,segnale,53329781bd592999,,8.42,8.62,8.155,2327939,2700958.6,67.9,7.036169326343168,5.989675855068324,6.201026217548166,0.1366575380788967,32.8,140.6
2026-09-25,segnale,1215fba95fea2203,,28.85,29.74,27.69,1369947,3475166.1,69.5,24.918234370214247,21.172622820787176,17.458538651543247,0.6106050542449188,47.9,79.8
2026-09-25,segnale,220eb5740e3f5048,,182.83,186.2,177.3944,2706262,2487824.9,73.4,150.86935735216602,130.56808404422898,85.07311730739798,3.7170513544813666,31.5,91.6
2026-09-29,posizione,0f4a32cd6d3648d9,b8a1aaa86934f58d,36.54,37.8,36.1,66768,66324.4,58.9,34.3110597440703,31.909263275335526,29.836309947800977,0.17914043997257179,13.7,44.9
2026-09-29,posizione,8c461d783647b32d,517b60bdc93162a1,6.76,6.812,6.728,31691868,41722205.00000043,52.5,6.73853317815873,6.637288314125693,6.076948160999548,-0.0016833256067530014,-0.4,14.0
2026-09-29,posizione,65f54c71cfebe8ea,280b01e45f5ec318,4.05,4.188,4.0475,41971993,46061094.8,34.9,4.344489523013272,4.647930427486102,6.1125579468147055,-0.04060285035489919,-14.9,-17.4
2026-09-29,posizione,31b004b035f1121a,ac2d640558de1b98,3.59,3.69,3.38,32516,6794.3,69.8,3.413528998400905,3.3751317400365584,3.554614846268592,0.006961408203597332,5.6,12.9
2026-09-29,posizione,41ffd3de986435c8,226430dc50e81aaa,21.48,21.825,21.48,2179,983.4,31.4,22.56173249024719,22.636352881503647,22.710838470344722,-0.13183634778461284,-7.2,1.8
2026-09-29,posizione,db0950bc62e53955,2501a7840e4495ca,98.31,100.321,98,3654,7317.5,60.3,94.46144636281731,93.13424050237202,80.49036671324335,1.0032367650803704,10.5,-8.0
2026-09-29,posizione,35417c9544e565fd,1a0dfb4028ab962b,399.05,401.35,392.25,1873,1769.3,32.0,414.85149040633314,437.96626301301046,486.53609975577683,0.10058808029653221,-12.0,-18.3
2026-09-29,segnale,6d70b448766f1666,,170.96,174.18,166.82,37464,35704.6,79.4,139.22510280938923,110.44786566986551,66.44322946641286,2.565918475594307,39.6,180.8
2026-09-29,segnale,ab25614c70c05a9b,,7.62,7.9,7.6,40681,65318.7,80.1,6.556704459488429,5.830532656345209,5.022351464668861,0.12662907267664758,48.8,52.4
2026-09-29,segnale,eca162e4dbc62558,,137.36,140.52,135.3,28545,40237.9,63.8,125.60559152957714,112.74227399003523,133.30881995226008,1.2198015430590878,22.9,72.2
2026-09-29,segnale,14046dba2dec88be,,634.1,660.6,631.4,15430,8781.3,66.1,593.7841808075781,555.6032937014635,544.0680470624201,7.72475432752552,28.9,28.1
2026-09-29,segnale,9ee46482c22382cd,,165.82,166.62,163.46,15538,12772.4,64.5,156.5416235137102,145.98095725392915,131.56849038710254,1.2098520800755255,3.7,61.7
2026-09-29,segnale,d761bd8fc3b068bc,,3.31,4.14,3.18,26748993,22925675,59.9,2.8871520318523936,2.042789461017241,1.2303938676729247,0.06296716370940225,81.4,435.6
2026-09-29,segnale,6fd94a8905b9f089,,4.49,5.705,4.23,27602014,63601985.4,70.6,2.585004546825254,2.239060485292145,4.785842910961172,0.44750164827744454,226.5,87.9
2026-09-29,segnale,641629b80a84faf2,,7.11,7.35,5.62,508320,821424.1,75.3,4.12890974503454,3.7158070256442812,5.832096745249005,0.278680918660283,91.6,200
2026-09-29,segnale,bdd7548fc447eddb,,10.99,11.165,10.68,12233229,15976816.1,74.2,9.585470318670676,7.981458628851663,5.250900679383559,0.0682345926952237,34.5,159.8
2026-09-29,segnale,cf4f24ece90abfc0,,2.13,2.49,2.018723,71913,117073.6,74.1,1.4494619738147858,1.3276723029126907,1.5336934487386922,0.12219210675267143,65.1,61.4
2026-09-29,posizione,a26d2ab390ae1014,b5770bbcc24d62c6,7.09,7.104,7.089,45567,175354.1,40.7,7.179030078142297,7.187349454897113,6.856155000350104,-0.015139094753712685,-2.9,1.4
2026-09-29,posizione,53a6029132aea3f6,eac3c73b4bd8660d,8.16,8.256,7.923,171739,360582.6000000001,39.8,8.840289610541808,12.528063499277735,94.05281040097975,0.25780422761051325,-30.0,-70.9
2026-09-29,segnale,5dd63a610c6293bc,,4.62,4.71,4.515,182095,363527.6,66.5,4.227152297983454,3.857595237740229,3.224419156185378,0.02293914012477713,21.6,42.2
2026-09-29,segnale,1e593f874b55be10,,15.56,17.065,15.51,4079763,7039756.6,70.5,10.360208286605149,7.757908886712894,8.82103719278598,0.7630169914077545,75.4,416.9
2026-09-29,segnale,b55341fe4c260d00,,16.63,17.01,15.57,4356750,7517345,80.7,11.192156464194666,9.46342125425,10.058911549933883,0.8917578255028444,157.4,25.2
2026-09-29,segnale,0d8caf7eb7298d10,,6.52,6.57,5.22,272413,234711.2,77.1,4.071997427790526,3.840041374746229,5.033830354152327,0.3301695919029971,118.1,35.0
2026-09-29,segnale,04af434cead23412,,88.5,89.95,84.2735,3370730,3369330.8,75.9,74.18533100630657,63.00212730063507,39.222442039120175,1.1305543118881776,41.7,138.2
2026-09-29,segnale,2b87d00399ef940a,,9.72,10.08,9.51,132966,276929.0000000001,66.1,8.605025861079453,7.321883164181802,29.807865610479332,0.05352832456819545,29.8,136.5
2026-09-29,segnale,ae1b3f652dcf6765,,197.28,199.825,189.1001,13359587,16334879.7,74.9,160.90886534365214,127.15912030528143,76.14303563635093,2.8260137556671694,40.6,182.5
2026-09-29,segnale,4dfe5daedaa0bac4,,5.63,5.965,5.55,1002913,2062826.1,60.2,5.097678529391445,4.074790892271687,4.413669199127365,0.039311104901854854,82.2,87.7
2026-09-29,segnale,958d3733503d108f,,2.79,2.85,2.64,268114,1431222.5,71.1,2.155455439770864,1.8280423390817222,2.40553396240788,0.11503074779282788,74.4,92.4
2026-09-29,segnale,33c7a70446f6a21d,,31.4,32.9,31.07,1616579,2193077.9,76.0,25.610081097506868,21.36417117444207,13.78120211187072,0.4910387041293358,29.1,165.4
2026-09-29,segnale,8b783d32317ecf81,,1.6,1.64,1.52,1197823,1486279.1,73.9,1.244803035743347,1.1433162003058637,1.497503604940987,0.061129573618873376,63.3,49.5
2026-09-29,segnale,3d86f0cfde3eec2a,,31.75,32.09,30.88,3938623,6483641.4,72.2,28.548587655215798,24.874854248172127,23.022969523553,0.27438541914802794,24.6,73.5
2026-09-29,segnale,10f7ea9a31b19447,,157.14,161.72,155.06,16368744,25745165.7,62.3,143.9051426526023,129.41006952802084,152.72343256256534,1.177318162545081,18.2,82.3
2026-09-29,segnale,892f76d5f813a6b5,,85.08,86.4399,82.77,6288730,8460584.6,72.6,72.67648066103622,64.51723330189259,58.89665548925077,1.3839721275514272,34.9,47.7
2026-09-29,segnale,c9957e5cf30b1de1,,8.23,8.99,7.99,284818,197076.9,65.0,6.824641067253467,5.408948744000307,4.581668041202642,0.06559784714305172,88.5,152.5
2026-09-29,segnale,5986e08bea2e0d95,,9.43,9.71,8.47,2766014,1129574.4,70.3,7.990459233915166,7.174074562591212,5.244615015738085,0.14077411773907927,23.9,196.5
2026-09-29,posizione,ac0444617c6fa376,ac0444617c6fa376,,,,,,,,,,0,,
2026-09-29,posizione,f6aef3cea70e4a58,f6aef3cea70e4a58,,,,,,,,,,0,,
2026-09-29,posizione,f9f55a6f163e6703,f9f55a6f163e6703,,,,,,,,,,0,,
2026-09-29,posizione,f9d504cc85f432ff,f9d504cc85f432ff,,,,,,,,,,0,,
2026-09-29,posizione,e60eec360d0bcb90,e60eec360d0bcb90,,,,,,,,,,0,,
2026-09-29,posizione,226430dc50e81aaa,226430dc50e81aaa,,,,,,,,,,0,,
2026-09-29,posizione,ac2d640558de1b98,ac2d640558de1b98,,,,,,,,,,0,,
2026-09-29,posizione,2501a7840e4495ca,2501a7840e4495ca,,,,,,,,,,0,,
2026-09-29,posizione,ac1a29739333a16d,ac1a29739333a16d,,,,,,,,,,0,,
2026-09-29,posizione,b8a1aaa86934f58d,b8a1aaa86934f58d,,,,,,,,,,0,,
2026-09-29,posizione,5d42df1abc8b9a26,5d42df1abc8b9a26,,,,,,,,,,0,,
2026-09-29,posizione,517b60bdc93162a1,517b60bdc93162a1,,,,,,,,,,0,,
2026-09-29,posizione,eac3c73b4bd8660d,eac3c73b4bd8660d,,,,,,,,,,0,,
2026-09-29,posizione,b5770bbcc24d62c6,b5770bbcc24d62c6,,,,,,,,,,0,,
2026-09-29,segnale,966613cdc333b1c3,,2.8,2.92,2.72,1155826,979043.7,63.2,2.3916619660328307,2.1103901331273187,1.8662172602430709,0.04431932678343711,62.8,77.2
2026-09-29,segnale,1215fba95fea2203,,29.5,30.21,28.2001,2130737,3493091.3,70.9,25.354593001622415,21.4991866317367,17.578354187348786,0.479924495989577,51.3,72.1
2026-09-29,posizione,12dda19e5fd0e3f8,ac0444617c6fa376,191.79,198.7799,191.1,6759618,11386431.5,55.0,185.8584091091747,177.0279587208084,194.05484872174446,0.7604662512843703,2.0,29.4
2026-09-29,posizione,0422422b791584e1,f6aef3cea70e4a58,228.86,233.21,228.04,142340847,107395915.90000172,58.6,222.19806227750405,217.59881971566165,201.05737899065736,0.5413535715565057,3.7,16.0
2026-09-29,posizione,1aa35190999d3e21,f9f55a6f163e6703,40.5,40.76,40.4,9362,138162.9,56.6,39.78501136111343,39.58074804388619,36.94813089831384,0.13037914984333263,-4.3,8.9
2026-09-29,posizione,b9110389464927c6,f9d504cc85f432ff,64.8,65,64.45,16935,188951.5,46.4,65.25592024425644,65.17675909762056,60.05877362728545,-0.11828655214122075,-1.9,-0.8
2026-09-29,posizione,3f768efb5a89fc7a,b8a1aaa86934f58d,41.78,43.06,40.96,29494228,40174559.2,58.8,39.473730866121535,36.678096656708945,34.63757832367529,0.19542451147870898,12.1,47.0
2026-09-29,segnale,376b3859e32b5f4c,,3.29,3.8339,3.125,584286,953175.9,57.0,2.9517159672550157,2.4093773934428233,3.4131215485780166,0.06367225128511789,187.3,7.5
2026-09-29,segnale,096e1189506f2a2c,,1.16,1.25,1.085,20514942,15131672.1,62.4,0.9875573877958358,0.8884587106008454,1.4356449269563754,0.013326970629214133,51.5,70.6
2026-09-29,segnale,5076bf588be78c83,,10.46,10.47,10.43,7030932,10533492.8,78.0,9.48098019884002,8.43210140132636,7.870963166644731,0.08985441021106644,48.8,47.5
2026-09-29,segnale,474571d162154d16,,59.17,59.94,55.55,630364,1172890.2,75.9,46.389790465184724,41.89312826458152,0,1.7170013352101572,37.9,77.2
2026-09-29,segnale,4d22d593b306cd84,,9.5,9.755,9.415,6997861,9741923.2,58.7,8.977624306258845,7.986889490987563,8.195991470873846,0.012356452839802357,10.1,97.5
2026-09-29,segnale,f09a6f370a1997a5,,64.6,65.495,62.3,1081865,1456260.4,80.2,54.72039165259832,47.94744264823513,32.040614357034315,0.9456640694165661,28.9,124.5
2026-09-29,segnale,1329f63e818761d4,,9.96,11.025,9.94,733415,919767.8,62.2,8.693322289039497,7.9035767643786095,8.942472371893562,0.3743678591630899,38.3,67.8
2026-09-29,segnale,220eb5740e3f5048,,179.6,187.865,175.02,2197179,2526905,70.5,153.6056090329121,132.49090427778862,86.0136833043393,3.4624495190727522,29.2,83.2
2026-09-29,segnale,53329781bd592999,,8.05,8.465,8.04,1738337,2702424,63.1,7.1327246285962,6.0704728803597625,6.219423966627288,0.09588094923468593,27.0,91.7
2026-09-29,segnale,66695d013b30eed4,,17.08,17.68,16.89,103539,120811.8,71.4,15.27797690209516,13.713925265319059,11.290625561207506,0.20366784801218318,61.6,27.7
2026-09-29,segnale,2bca283237032ffd,,10.82,11.58,10.32,335561,605385.1,64.9,8.90463555281763,7.547514443232833,5.256134798545346,0.3531656701156364,58.2,38.7
2026-09-29,segnale,1a342d2b7d638d02,,9.2,9.425,8.95,222483,328380.5,77.0,7.94735570084119,7.027980854375442,5.306890053244098,0.1966675316933213,28.1,62.8
2026-09-29,segnale,a3aa1a82f31e9115,,129.4,130.88,124.6,4700111,12238535,72.8,108.2441205643991,98.97436791974813,82.37289755066183,2.8660302878784414,39.2,79.1
2026-09-29,segnale,a69ab6176163cbfb,,13.92,14.2299,12.38,7832046,5053046.1,72.9,11.996091904534847,10.381213607760964,6.842050279902927,0.054793920991825895,21.3,76.1
2026-09-29,segnale,7cedfa15c3dd0c0c,,3.29,3.4,2.9,72730963,35984857.900000036,72.7,2.763536789249018,2.563963027368121,2.2300151398443093,0.05467727075799954,24.6,62.9
2026-09-29,segnale,8a0627679ffbb377,,0.54,0.536,0.51,7392478,12106681.7,72.6,0.4803657310152772,0.4301712886691889,0.2953539927586047,0.003504760201888297,34.3,21.8
2026-09-30,posizione,41ffd3de986435c8,226430dc50e81aaa,21.81,21.87,21.805,438,927.1,38.3,22.410715258456317,22.566406485386487,22.6913258153046,-0.12629536934920077,-5.7,2.3
2026-09-30,posizione,31b004b035f1121a,ac2d640558de1b98,3.59,3.6,3.54,4781,10112.9,67.8,3.442956844495979,3.3905233786342857,3.5550199877993744,0.015704422037018925,5.6,10.1
2026-09-30,posizione,db0950bc62e53955,2501a7840e4495ca,100.39,100.924,100.2,363,5724.7,63.0,95.58997309972119,93.71536618461947,80.89047717163312,0.9132173617719108,12.8,-1.5
2026-09-30,posizione,0f4a32cd6d3648d9,b8a1aaa86934f58d,36.6,36.94,36.04,28007,64824.6,59.0,34.71767022133646,32.26618266977339,29.969255965022317,0.09803633024812775,13.9,51.7
2026-09-30,posizione,8c461d783647b32d,517b60bdc93162a1,6.7,6.802,6.693,15809851,40307819.00000043,48.0,6.736109925885038,6.644107359560088,6.089807631586918,-0.004909324124490983,-1.3,11.7
2026-09-30,posizione,53a6029132aea3f6,eac3c73b4bd8660d,8.0,8.66,7.98,166876,382671.20000000007,39.5,8.781581756476601,12.359804953746659,93.19899718395062,0.281415292045996,-31.3,-73.8
2026-09-30,posizione,a26d2ab390ae1014,b5770bbcc24d62c6,7.09,7.15,7.092,87395,186636.5,42.0,7.168682542355502,7.1827075308680834,6.85826538598064,-0.013697118650998569,-2.8,1.7
2026-09-30,segnale,6d70b448766f1666,,168.34,182.02,167.68,21357,38045.5,72.9,145.1340183995227,115.17368914776897,68.53265439220354,1.8118503462439115,37.5,164.8
2026-09-30,segnale,ab25614c70c05a9b,,7.76,7.78,7.5,13354,61490.2,80.9,6.761202516724088,5.972867707760418,5.074984786325872,0.08998947566071203,51.6,55.8
2026-09-30,segnale,8a0627679ffbb377,,0.54,0.56,0.535,16266667,12569111.6,74.0,0.4864261375852508,0.43463515970176975,0.29782808238289715,0.0035297276702039547,36.3,28.3
2026-09-30,segnale,eca162e4dbc62558,,138.32,138.88,135.22,7765,38247.8,63.5,127.62942980085566,114.58545169168573,133.37573671269155,0.20985710999446994,23.7,66.4
2026-09-30,segnale,5dd63a610c6293bc,,4.83,4.855,4.6,224174,355502.2,70.6,4.285473394320632,3.8961132253413426,3.2404940924298637,0.03288847314984317,27.2,43.9
2026-09-30,segnale,6fd94a8905b9f089,,4.75,5.0118,3.89,21119816,65695232.9,72.0,2.7911945899847534,2.337528701555198,4.785486265080961,0.41825329865208366,245.5,115.9
2026-09-30,segnale,c9957e5cf30b1de1,,8.25,8.57,8.03,140525,206573.6,65.1,6.960389537038852,5.520362518745393,4.618168856713063,0.04277403354193343,88.9,158.6
2026-09-30,segnale,958d3733503d108f,,3.05,3.25,2.73,856256,1463093.7,74.7,2.2406501597926867,1.8759622473530273,2.4119465597968563,0.11486170777252006,90.6,124.3
2026-09-30,segnale,f09a6f370a1997a5,,64.02,65.5,62.895,796308,1440889.2,77.9,55.606068638065146,48.57773901497101,32.358817199252876,0.9601364345689607,27.8,123.0
2026-09-30,segnale,5d01244296d35239,,11.96,12.2699,10.53,4745850,2544204.9999999977,77.4,8.685062573612695,8.158559912687032,8.639070312327352,0.4929917542023866,75.6,19.8
2026-09-30,segnale,33c7a70446f6a21d,,31.72,33.18,31.4,1299956,2356433.4,72.3,26.816687701133738,22.20341983461569,14.147647455067755,0.5582630873317895,30.4,186.5
2026-09-30,segnale,0d8caf7eb7298d10,,6.0,6.34,5.91,169931,238063.3,69.1,4.4153312277378225,4.00331001182841,5.052223604732218,0.30989006950954057,100.8,43.3
2026-09-30,segnale,220eb5740e3f5048,,193.24,197.19,187.05,3253263,2850940.8,75.1,160.18286816526364,136.89422574816243,88.06688182310192,3.596609083478185,39.0,86.1
2026-09-30,segnale,750838e27799ef41,,6.57,6.715,6.18,1414067,844727.1,65.7,5.728394929090917,5.330904592091489,4.414130455585066,0.10161879338411062,32.2,55.0
2026-10-01,posizione,41ffd3de986435c8,226430dc50e81aaa,21.66,21.855,21.61,5439,1419.4,35.4,22.327585914113538,22.525774627828078,22.679733949317313,-0.12397267642284526,-0.1,-0.9
2026-10-01,posizione,31b004b035f1121a,ac2d640558de1b98,3.66,3.66,3.63,7106,11183.6,71.7,3.4696593672423934,3.403728536411795,3.556754151926615,0.024121533150838245,0,16.2
2026-10-01,posizione,db0950bc62e53955,2501a7840e4495ca,101.73,103.278,100.739,7865,6592.3,65.7,96.21242010609696,94.04613536922878,81.10214089720931,0.8921412874616887,0.9,1.3
2026-10-01,posizione,0f4a32cd6d3648d9,b8a1aaa86934f58d,36.12,37,35.6,49741,65499.3,57.1,34.78573791000736,32.38867762082418,30.022970454813684,-0.002646685325552456,0.8,47.8
2026-10-01,posizione,8c461d783647b32d,517b60bdc93162a1,6.38,6.622,6.378,85374311,49676664.70000043,32.7,6.697264989632949,6.631599496939893,6.092133399070447,-0.029443418581357322,-4.0,4.0
2026-10-01,posizione,53a6029132aea3f6,eac3c73b4bd8660d,7.4,7.981,7.372,340105,419780.4000000002,36.5,8.633095512095611,12.157914870977663,92.34334477762533,0.23944674039609248,-5.3,-74.2
2026-10-01,posizione,a26d2ab390ae1014,b5770bbcc24d62c6,6.95,7.035,6.945,335285,274512.5,32.8,7.1463454294781075,7.172933533117778,6.859010202070237,-0.020643623217667835,-1.9,-2.5
2026-10-01,segnale,6d70b448766f1666,,174,178,163.5,47728,42114.3,73.2,147.61603932292417,117.3638020685408,69.55154186861091,1.3389141341629163,5.3,145.1
2026-10-01,segnale,9ee46482c22382cd,,167.76,169.78,164.64,14037,12352.6,65.0,159.16629259049114,148.31159719841924,132.60242706372472,0.6746349151957887,-0.0,49.1
2026-10-01,segnale,f3789459c37d6ae2,,123.3,123.6,112.1,166250,97069.5,60.8,117.90694500470356,115.01888171396747,109.23994600777816,0.1320926252494613,6.6,25.8
2026-10-01,segnale,d41681d0cbaccec7,,457,463,451.8,5749,5196.6,67.8,438.647081525317,419.538140164248,388.762469528662,1.516841785722205,-0.0,34.1
2026-10-01,segnale,14046dba2dec88be,,646.8,651.9,639.3,7271,8846.7,68.6,606.6037248849128,565.4856978136876,546.9881575282495,2.144253558888856,0.1,24.5
2026-10-01,segnale,641629b80a84faf2,,7.81,8.25,6.99,267880,710837.7,76.4,5.034466249993728,4.156900292949349,5.884760472594647,0.46702908299589446,5.3,253.4
2026-10-01,segnale,0d8caf7eb7298d10,,6.74,6.94,5.7,231713,247758.1,73.2,4.636728253667553,4.110631187835139,5.069017399710007,0.3269450801886002,12.2,60.9
2026-10-01,segnale,64b9b6ff015e74c3,,6.51,6.66,6.33,736457,758028.8,74.8,5.952837324405904,5.587582009450995,5.029226162340106,0.07276157132992817,2.1,46.4
2026-10-01,segnale,9c30d89a4d3c71b6,,25.44,26.91,25.07,2094664,677243.9,70.2,22.820090479247664,22.503440235531443,20.82849075614317,0.17698065808347513,11.6,8.3
2026-10-01,segnale,293d52c7da547489,,212.63,213.86,205.25,3182183,4237817.1,69.5,190.31906689057516,169.03359961922843,125.82809147818821,1.0766651329442212,1.7,51.5
2026-10-02,posizione,41ffd3de986435c8,226430dc50e81aaa,21.59,21.805,21.585,158,1353.5,34.4,22.256863446102724,22.488881505168152,22.66884107419973,-0.11368570705853093,-0.4,-1.2
2026-10-02,posizione,31b004b035f1121a,ac2d640558de1b98,3.62,3.66,3.62,3990,10776.8,66.3,3.483977522743118,3.412209770277999,3.557383463847743,0.022419581402828147,-1.1,14.9
2026-10-02,posizione,db0950bc62e53955,2501a7840e4495ca,105.02,105.589,103.472,4536,6094.4,70.4,97.05123723884962,94.47648300180805,81.34012954499828,1.0092789761233276,4.2,4.6
2026-10-02,posizione,0f4a32cd6d3648d9,b8a1aaa86934f58d,38.34,39.5,37.24,121456,71620.8,63.0,35.12423906143523,32.62206281216441,30.10572696770111,0.09405336051724955,7.0,56.9
2026-10-02,posizione,8c461d783647b32d,517b60bdc93162a1,6.33,6.441,6.257,93962729,48143045.90000043,31.0,6.6620968953821915,6.6196936343148,6.09448033042298,-0.044322422593952096,-4.8,3.2
2026-10-02,posizione,53a6029132aea3f6,eac3c73b4bd8660d,7.59,7.97,7.438,327659,427773.6000000002,38.1,8.533372129991267,11.978624091723637,91.49998811317136,0.23329047643183332,-2.9,-73.6
2026-10-02,posizione,a26d2ab390ae1014,b5770bbcc24d62c6,7.03,7.06,6.983,705848,335662.9,40.9,7.1355506266706685,7.167445943583748,6.860741443840682,-0.017455842858054245,-0.7,-1.3
2026-10-02,segnale,6d70b448766f1666,,168.16,172.66,162.7,27213,42468.7,67.9,149.5726070064552,119.35580983055881,70.53272055648543,0.5660148164890266,1.8,136.9
2026-10-02,segnale,0f4a32cd6d3648d9,,38.34,39.5,37.24,121456,71620.8,63.0,35.12423906143523,32.62206281216441,30.10572696770111,0.09405336051724955,7.0,56.9
2026-10-02,segnale,ab25614c70c05a9b,,7.92,8.2,7.74,69206,51019,78.8,6.952130037715723,6.114241307513483,5.129149132826679,0.05792966187534909,1.5,60
2026-10-02,segnale,8a0627679ffbb377,,0.56,0.567,0.533,19803962,13838906.3,75.0,0.4974383488860583,0.4432335221041787,0.3027445293740534,0.0031389382006296734,4.6,39.9
2026-10-02,segnale,34846082a11b31ba,,52,52,47,51250,25775,70.0,43.115215780898595,42.8232650194677,36.19717571860741,1.6373013999648012,16.9,16.1
2026-10-02,segnale,641629b80a84faf2,,8.11,8.43,6.6,546583,711904.2,77.5,5.327374226184801,4.311923810872903,5.906902159434501,0.47261847777804655,9.3,267.0
2026-10-02,segnale,b80bd671a958f39f,,3.04,3.04,2.9,276670,135990.9,69.2,2.4276370228069353,2.145459514024636,1.891553314465287,0.06632562959790173,4.8,76.7
2026-10-02,segnale,57a28511709350bc,,34.25,36.53,34.025,723710,609241.5,58.2,32.86878047672656,30.630171537767424,33.34401896170572,0.05918030838185573,4.1,91.8
2026-10-02,segnale,999b4745ecd373e0,,4.51,4.79,3.67,14678647,4213208.7,68.9,3.6774459805042476,3.542948098751376,2.836763430843197,0.077372914756908,22.9,9.5
2026-10-02,segnale,966613cdc333b1c3,,2.87,2.91,2.79,515913,1069699.8,62.0,2.5365969892964584,2.217069365691056,1.9040988479958985,0.02278073424084412,5.1,76.1
2026-10-06,posizione,41ffd3de986435c8,226430dc50e81aaa,21.54,21.675,21.54,480,1391.5,33.8,22.188590736950083,22.451670465749793,22.657608824705203,-0.10217245698108698,-0.6,-0.3
2026-10-06,posizione,31b004b035f1121a,ac2d640558de1b98,3.64,3.7,3.56,16860,12151.5,67.6,3.4988368062913926,3.4211427204631755,3.558205518933835,0.02104235455575984,-0.5,15.9
2026-10-06,posizione,db0950bc62e53955,2501a7840e4495ca,105.36,105.905,104.857,2646,5967.5,70.9,97.84235750181632,94.90320915859989,81.57911333062019,1.0337670401207344,4.5,6.8
2026-10-06,posizione,0f4a32cd6d3648d9,b8a1aaa86934f58d,38.7,39.36,38.38,26046,63394.6,63.8,35.464787722250925,32.86041329011874,30.191242122251346,0.16008513453496032,8.0,64.8
2026-10-06,posizione,8c461d783647b32d,517b60bdc93162a1,6.43,6.426,6.286,64193851,51347911.30000043,37.7,6.6396114767743635,6.6120978055181405,6.097779033602851,-0.04502376912092606,-3.3,2.9
2026-10-06,posizione,53a6029132aea3f6,eac3c73b4bd8660d,7.26,7.512,7.088,556165,459817.7000000002,36.3,8.411908117611146,11.79350157832271,90.66175937572686,0.20868181439036815,-7.1,-74.1
2026-10-06,posizione,a26d2ab390ae1014,b5770bbcc24d62c6,7.03,7.046,7.005,269750,347618.8,40.5,7.125212471749652,7.16193825952164,6.862395757832317,-0.014522268860340234,-0.8,-0.8
2026-10-06,segnale,6d70b448766f1666,,176.24,176.24,166.26,17856,40035.8,71.0,152.11235872012614,121.58656238622318,71.58453428229154,0.40867391943597653,6.7,146.7
2026-10-06,segnale,a1780450f0cbb925,,5.17,5.19,5.125,15864781,1839825.7,71.7,4.838489012033682,4.630916471221902,4.39901019700938,0.02215602423847278,2.7,28.7
2026-10-06,segnale,34846082a11b31ba,,55.8,56.6,52.2,38000,24575,74.3,44.32329046843206,43.33215658733171,36.39222869653172,1.9443556627698877,25.4,28.0
2026-10-06,segnale,0f4a32cd6d3648d9,,38.7,39.36,38.38,26046,63394.6,63.8,35.464787722250925,32.86041329011874,30.191242122251346,0.16008513453496032,8.0,64.8
2026-10-06,segnale,8a0627679ffbb377,,0.57,0.584,0.552,25726165,14647320.4,76.2,0.5047299347064337,0.44836161927656387,0.3054435887832668,0.0039045089477018555,6.3,40.2
2026-10-06,segnale,fa6edd51f7e5b84f,,32.88,34.25,30,114854,162422.9999999986,76.4,22.85770219426137,15.038225630079488,8.460100294986374,1.2400994115586643,8.9,589.3
2026-10-06,segnale,530e5a5412e508d2,,16.71,16.76,15.5,10402202,1057256.6,61.5,14.352575955433078,14.24473040309749,10.804591826519976,0.36140932081187355,13.2,5.1
2026-10-06,segnale,bf98d59282292dd9,,5.34,5.37,5.14,344013,214645.3,70.6,4.775392535052513,4.26395949382695,3.9056119091553567,0.004047022928336974,8.1,71.2
2026-10-06,segnale,561fd74f2458da10,,14.81,14.81,14.02,697323,877607.2,69.7,13.206828068741421,12.182409646960098,8.621614936870264,0.1723309894031541,9.9,77.4
2026-10-06,segnale,8d4217a09654862d,,419.33,421.98,404.21,2556155,3864525.299999976,70.1,389.5457969320638,360.8505480046171,278.1977094203463,0.0975449977649383,8.2,56.4
2026-10-06,segnale,eca162e4dbc62558,,148.46,149.8,145.54,27744,39237.8,69.9,132.8582560476892,118.81084623809681,133.75293330980276,0.16152391586653891,9.5,77.2
2026-10-06,segnale,8ccfa56aac3a7218,,255.9,265.9,232.35,30009,14597.9,70.9,223.99860724425614,209.15254545485013,162.83157145064862,2.9854379601819083,12.2,28.8
2026-10-06,segnale,ee52b8e2b8b2f108,,23.16,24.6,21.63,1232312,664462.4,63.8,20.105129608867003,18.65295095870704,0,0.15901826473482816,16.0,44.8
2026-10-06,segnale,41360f1d8412850d,,125.8,127.9,124.55,2576236,2699689.4,72.8,110.93424035875968,100.21721342137683,80.58778370507467,1.0889411738897579,9.9,46.0
2026-10-06,segnale,83a6981acccce762,,94.6,98.6,94.31,1524685,1752865.6,62.6,89.99402439891482,83.61084881653088,72.29985861902857,0.2215919219433351,3.2,63.0
2026-10-08,posizione,41ffd3de986435c8,226430dc50e81aaa,21.38,21.52,21.235,180,1135,33.3,22.068188789204036,22.380757704061995,22.63531489485782,-0.07604990928988903,-1.4,-0.6
2026-10-08,posizione,31b004b035f1121a,ac2d640558de1b98,3.64,3.64,3.53,6354,13578.5,64.4,3.51927457385758,3.4357107542607017,3.5592340970594494,0.013427703915934668,-0.5,9.0
2026-10-08,posizione,db0950bc62e53955,2501a7840e4495ca,104.24,105.108,103.353,1528,4262.6,66.3,99.13179831781336,95.67750757008778,82.04256971376674,0.8071844616928581,3.4,5.4
2026-10-08,posizione,0f4a32cd6d3648d9,b8a1aaa86934f58d,,,,,,,,,,0,,
2026-10-08,posizione,8c461d783647b32d,517b60bdc93162a1,6.24,6.482,6.209,63997144,55601602.50000043,33.4,6.5905073540035035,6.593702741656692,6.103265303079293,-0.04781447552770954,-6.0,1.8
2026-10-08,posizione,53a6029132aea3f6,eac3c73b4bd8660d,7.33,7.388,7.055,324557,451240.1000000001,38.4,8.255067642761052,11.467513759920347,89.01616888290289,0.21056585566402042,-6.1,-68.7
2026-10-08,posizione,a26d2ab390ae1014,b5770bbcc24d62c6,6.98,7.044,6.96,267468,316303.4,39.3,7.108588894107992,7.152202907001714,6.865837489317531,-0.009162314956170606,-1.5,-0.6
2026-10-08,segnale,34846082a11b31ba,,57.6,58.2,57,30000,29900,74.4,46.80069809320629,44.45940329341924,36.82005516228194,2.1806348058982925,29.4,28.0
2026-10-08,segnale,f3789459c37d6ae2,,125.8,126.9,123.8,75712,78540.6,62.9,120.0919338133698,116.40945845120662,109.83313933525496,0.8642956550238923,8.7,32.7
2026-10-08,segnale,3b231b0a27beb531,,9.09,9.09,8.825,329634,385369.4,71.1,8.294742990853662,7.9142550762424815,7.1241366997844295,0.09043934670329895,9.0,23.5
2026-10-08,segnale,bf98d59282292dd9,,3.53,3.64,3.51,17256,73049.3,66.5,3.1278289734782434,3.0157921109174595,3.137286476469291,0.06781471561847635,18.9,17.7
2026-10-08,segnale,a1780450f0cbb925,,5.18,5.195,5.175,263771,1954323.7,71.9,4.900010279691971,4.672949037833059,4.414425702625349,0.03027049941269222,2.8,34.8
2026-10-08,segnale,561fd74f2458da10,,14.95,15.09,14.21,874526,913885.4,67.5,13.472210732008284,12.372989451115416,8.741114158436655,0.1870831746003324,10.9,75.9
2026-10-08,segnale,bf98d59282292dd9,,5.34,5.45,5.28,190937,204399.9,70.4,4.876953979940946,4.346323239015189,3.9339164182683914,0.010654325100322437,8.1,78.6
2026-10-08,segnale,f3ef577fe3b96c70,,235.77,238.075,230.83,3004196,2926877.7,77.9,208.69628347513682,194.778277073279,154.9509702101354,3.439352756751701,12.2,42.4
2026-10-08,segnale,8b6d3b9d5c55bfcb,,299.59,299.95,286.4,7394976,4435789,66.5,271.75997461755094,271.39248486306997,283.47407107342536,3.9942472198951826,17.9,20.7
2026-10-08,segnale,ae519dba2c41e55b,,164.48,168.15,164.35,328410,174188.9,66.4,158.68276780556863,151.6286171425318,129.13412481809314,0.4869992071163671,6.6,29.1
2026-10-09,posizione,41ffd3de986435c8,226430dc50e81aaa,21.44,21.5,21.43,4310,1548,34.9,22.00836128547032,22.343865245079172,22.62342121431197,-0.06436464881080617,-1.1,-0.4
2026-10-09,posizione,31b004b035f1121a,ac2d640558de1b98,3.65,3.65,3.56,4141,13825.9,65.1,3.5317246144425725,3.4441142540936154,3.5601372403722906,0.011985869051488282,-0.3,8.6
2026-10-09,posizione,db0950bc62e53955,2501a7840e4495ca,103.08,103.613,102.318,4537,4386.1,62.6,99.50762704945019,95.9677229594961,82.25187747780886,0.5464551387822003,2.2,3.3
2026-10-09,posizione,0f4a32cd6d3648d9,b8a1aaa86934f58d,,,,,,,,,,0,,
2026-10-09,posizione,8c461d783647b32d,517b60bdc93162a1,6.06,6.152,6.052,73200531,59816724.20000043,28.7,6.539982844098408,6.572773222376037,6.102834802551141,-0.0629924451096003,-8.8,-2.3
2026-10-09,posizione,53a6029132aea3f6,eac3c73b4bd8660d,6.39,6.831,6.391,597400,447566.1000000001,33.6,8.077537391069523,11.268434788943079,88.19402789899341,0.1394849276376413,-18.2,-73.8
2026-10-09,posizione,a26d2ab390ae1014,b5770bbcc24d62c6,6.92,6.969,6.898,264674,317910.4,36.5,7.090913761335803,7.1432145577075286,6.866406270518352,-0.012981996228504947,-2.2,-1.9
2026-10-09,segnale,34846082a11b31ba,,58.4,58.4,56,23750,30950,75.2,47.90539351290093,45.006093360343975,37.03478098156272,2.0933775186266748,31.2,25.6
2026-10-09,segnale,bf98d59282292dd9,,3.67,3.67,3.36,27477,63732.9,69.6,3.179464309337458,3.0414473222540295,3.1425871085442236,0.07343925168443062,23.6,23.2
2026-10-09,segnale,3b231b0a27beb531,,9.03,9.19,8.715,365504,392940.1,69.2,8.364767467915218,7.958009779134933,7.143100513716923,0.08639954829113639,8.3,26.3
2026-10-09,segnale,a1780450f0cbb925,,5.18,5.19,5.17,658933,1998339,72.0,4.927152157816545,4.693029467721959,4.422093108569375,0.02924475027251594,2.9,34.0
2026-10-09,segnale,f3789459c37d6ae2,,123.2,126.7,123.2,80134,83420.8,57.0,120.3879401168584,116.67575419821813,109.96614292395888,0.6998921543691927,6.5,29.3
2026-10-09,segnale,f0e946617ab313ec,,56.26,56.55,54.42,6389347,3766905.9,73.3,50.570519346312516,46.829944523365356,37.78293742881086,0.32492897014184474,14.2,52.9
2026-10-09,segnale,561fd74f2458da10,,14.96,15.09,14.64,753489,927606.6,67.6,13.613904948007495,12.47444084518932,8.802993619546738,0.1879595906132313,11.0,70
2026-10-09,segnale,750838e27799ef41,,7,7.14,6.9085,588811,902781.7,66.8,6.305254953468336,5.68681846963774,4.564413631310086,0.0944999998974353,6.5,72.8
2026-10-09,segnale,243b78be027c4397,,12.37,12.57,11.81,8106164,4101547.100000009,64.2,11.338296421621145,11.018925965171738,11.573898218063581,0.13795694760144633,14.2,29.8
2026-10-09,segnale,7df81abc0f378c03,,44.84,45.11,43.81,341491,349611.4,56.4,43.59347196168159,42.700910193612856,43.9012377461787,0.18383361276986437,7.7,53.1
